row_id,client_code,phone_masked,floor,apartment_no,area_m2,purchase_start,purchase_end,total_amount,down_payment,paid_amount,debt_amount_clean,return_date,price_per_m2,location
1,CLIENT_4BCA55103F,,1.0,21.0,46.0,2024-07-10,2025-07-10,26000.0,12000.0,11000.0,3000.0,,565.2173913043479,park 1
2,CLIENT_047306F843,*********303,1.0,23.0,51.0,2024-01-09,2025-01-09,25000.0,25000.0,,0.0,,490.19607843137254,park 1
3,CLIENT_06A7B89CAB,******981,3.0,52.0,46.0,,2025-06-28,27600.0,11000.0,10000.0,6600.0,,600.0,park 1
4,CLIENT_06A7B89CAB,,1.0,24.0,46.0,,2025-06-28,27600.0,11000.0,13200.0,3400.0,,600.0,park 1
5,CLIENT_41EE841243,*********384,5.0,82.0,69.0,,,37950.0,16000.0,6000.0,15950.0,,550.0,park 1
6,CLIENT_41EE841243,*********652,5.0,69.0,69.0,,,37950.0,15900.0,6000.0,16050.0,,550.0,park 1
7,CLIENT_6011203601,*********848,4.0,68.0,69.0,2023-12-08,2024-12-08,37950.0,10000.0,10000.0,17950.0,2025-12-15,550.0,park 1
8,CLIENT_57B3305FEF,**********125,9.0,133.0,56.0,2024-04-26,2025-04-26,25000.0,25000.0,,0.0,,446.42857142857144,park 1
9,CLIENT_DD97D003D6,*********779,2.0,40.0,69.0,2023-10-16,2024-10-16,37950.0,25000.0,,12950.0,,550.0,park 1
10,CLIENT_A36C55E4AE,*********246,3.0,53.0,47.0,,,23500.0,15000.0,8500.0,0.0,,500.0,park 1
11,CLIENT_A36C55E4AE,******************913,3.0,47.0,69.0,,,34500.0,27300.0,7200.0,0.0,,500.0,park 1
12,CLIENT_D9C7B4C9EB,,5.0,75.0,69.0,2023-08-16,2024-08-16,34500.0,20500.0,14000.0,0.0,,500.0,park 1
13,CLIENT_D9C7B4C9EB,,6.0,89.0,69.0,2023-08-16,2024-08-16,34500.0,14500.0,,20000.0,,500.0,park 1
14,CLIENT_87C79F91E0,*********757,1.0,20.0,47.0,2024-11-05,2025-11-05,25850.0,25850.0,,0.0,,550.0,park 1
15,CLIENT_836DF74E55,*********375,4.0,38.0,46.0,2023-01-30,2024-01-30,23000.0,10000.0,13000.0,0.0,,500.0,park 1
16,CLIENT_5592ED2434,*********679,4.0,67.0,47.0,2023-12-19,2024-12-19,23500.0,23500.0,,0.0,,500.0,park 1
17,CLIENT_26CB8664C5,******************232,5.0,71.0,54.5,2024-02-02,2025-02-02,32300.0,16375.0,3500.0,12425.0,2025-11-15,592.6605504587156,park 1
18,CLIENT_118EBE86F8,*********909,10.0,142.0,54.5,2024-07-19,2025-07-19,32000.0,10000.0,13000.0,9000.0,,587.1559633027523,park 1
19,CLIENT_AC1E878811,*********662,1.0,18.0,68.0,2024-04-12,2025-04-12,37000.0,22000.0,15000.0,0.0,,544.1176470588235,park 1
20,CLIENT_892C80136B,,5.0,79.0,51.0,2023-12-25,2024-12-25,28050.0,5000.0,1000.0,22050.0,,550.0,park 1
21,CLIENT_947882FCF1,,8.0,124.0,69.0,,,,,,0.0,,0.0,park 1
22,CLIENT_947882FCF1,,8.0,111.0,68.0,,,,,,0.0,,0.0,park 1
23,CLIENT_0319544B16,*********380,11.0,164.0,46.0,2024-07-24,2025-07-24,23000.0,18000.0,5000.0,0.0,,500.0,park 1
24,CLIENT_1BD6D92D1D,*********668,,,48.0,2024-04-08,2025-04-08,62400.0,57400.0,5000.0,0.0,2025-08-25,1300.0,park 1
25,CLIENT_1BD6D92D1D,*********668,4.0,60.0,68.0,2024-12-20,2025-12-20,37400.0,25000.0,5000.0,7400.0,2025-08-25,550.0,park 1
26,CLIENT_8BF13F39B2,*********959,8.0,121.0,51.0,2024-01-19,2025-01-19,25500.0,25500.0,,0.0,,500.0,park 1
27,CLIENT_8BF13F39B2,*********959,8.0,120.0,51.0,2024-01-19,2025-01-19,30600.0,15100.0,15500.0,0.0,,600.0,park 1
28,CLIENT_53A08C2B2A,*********995,8.0,122.0,46.0,2024-05-23,2025-05-23,25300.0,9000.0,5000.0,11300.0,2026-01-23,550.0,park 1
29,CLIENT_F8B63EEC08,*********140,1.0,19.0,69.0,2023-10-12,2024-10-12,37950.0,8000.0,29950.0,0.0,,550.0,park 1
30,CLIENT_EB3ED64B6C,,9.0,135.0,51.0,,,28050.0,0.0,,28050.0,,550.0,park 1
31,CLIENT_EB3ED64B6C,,9.0,134.0,51.0,,,28050.0,0.0,,28050.0,,550.0,park 1
32,CLIENT_EB3ED64B6C,,11.0,154.0,52.5,,,28875.0,0.0,,28875.0,,550.0,park 1
33,CLIENT_EB3ED64B6C,,11.0,157.0,52.5,,,28875.0,15000.0,,13875.0,,550.0,park 1
34,CLIENT_0BFF256211,******************884,4.0,55.0,68.0,2023-12-14,2024-12-14,34000.0,18000.0,7000.0,9000.0,2025-12-05,500.0,park 1
35,CLIENT_3073322E27,*********************614,11.0,165.0,47.0,,,25850.0,25850.0,,0.0,,550.0,park 1
36,CLIENT_D2A667995A,*********696,4.0,68.0,69.0,2023-11-05,2024-11-05,37950.0,19000.0,10000.0,8950.0,,550.0,park 1
37,CLIENT_43061F8F5A,******************553,7.0,102.0,68.0,2024-01-08,2025-01-08,39500.0,25000.0,14500.0,0.0,,580.8823529411765,park 1
38,CLIENT_D15F8F246C,*********024,7.0,107.0,51.0,2025-01-10,2026-01-10,28000.0,28000.0,,0.0,,549.0196078431372,park 1
39,CLIENT_BC452CDFD1,************************170,9.0,125.0,68.0,2024-01-29,2025-01-29,40000.0,40000.0,,0.0,,588.2352941176471,park 1
40,CLIENT_C228F2DD36,*********042,2.0,33.0,69.0,2024-11-06,2025-11-06,37000.0,37000.0,,0.0,,536.231884057971,park 1
41,CLIENT_0A5470379C,*********838,8.0,112.0,52.5,2023-09-21,2024-09-21,28800.0,15000.0,13800.0,0.0,,548.5714285714286,park 1
42,CLIENT_0A5470379C,*********794,9.0,137.0,47.0,2024-02-23,2025-02-23,23500.0,23500.0,,0.0,,500.0,park 1
43,CLIENT_7EF474BD0C,*********453,7.0,108.0,46.0,2024-01-30,2025-01-30,23000.0,17000.0,,6000.0,,500.0,park 1
44,CLIENT_23F0AD6193,******************097,8.0,117.0,69.0,2023-09-01,2024-09-01,41000.0,23650.0,17350.0,0.0,,594.2028985507246,park 1
45,CLIENT_550E347EA1,******998,,,216.0,2024-12-20,2025-12-20,220000.0,50000.0,,170000.0,2025-11-15,1018.5185185185185,park 1
46,CLIENT_550E347EA1,,6.0,90.0,47.0,2023-10-20,2024-10-20,23500.0,13250.0,10250.0,0.0,,500.0,park 1
47,CLIENT_550E347EA1,,6.0,91.0,46.0,2023-10-20,2024-10-20,23000.0,13250.0,9750.0,0.0,,500.0,park 1
48,CLIENT_E319DC2B0F,*********794,10.0,147.0,46.0,2024-02-23,2025-02-23,23000.0,23000.0,,0.0,,500.0,park 1
49,CLIENT_65980B6C12,*********646,9.0,126.0,52.5,2024-08-05,2025-08-05,28875.0,10000.0,11000.0,7875.0,,550.0,park 1
50,CLIENT_AAF15116D2,*********331,10.0,151.0,47.0,2024-03-26,2025-03-26,28000.0,17000.0,11000.0,0.0,,595.7446808510638,park 1
51,CLIENT_AAF15116D2,*********331,10.0,150.0,46.0,2024-03-26,2025-03-26,26000.0,14500.0,11500.0,0.0,,565.2173913043479,park 1
52,CLIENT_56DFA5E771,,11.0,161.0,46.0,,,,,,0.0,,0.0,park 1
53,CLIENT_56DFA5E771,,11.0,160.0,47.0,,,,,,0.0,,0.0,park 1
54,CLIENT_56DFA5E771,,11.0,159.0,69.0,,,,,,0.0,,0.0,park 1
55,CLIENT_80D8E92C7F,,2.0,39.0,47.0,2023-12-25,2024-12-25,25850.0,4000.0,2000.0,19850.0,,550.0,park 1
56,CLIENT_FBDFE52616,*********884,10.0,146.0,47.0,2023-12-03,2024-12-03,23500.0,23500.0,,0.0,,500.0,park 1
57,CLIENT_FBDFE52616,*********884,10.0,145.0,68.0,2023-12-03,2024-12-03,34000.0,26500.0,,7500.0,,500.0,park 1
58,CLIENT_104635F3C1,*********806,5.0,73.0,52.5,2024-05-06,2025-05-06,28875.0,28800.0,75.0,0.0,,550.0,park 1
59,CLIENT_8E7A063570,********************999,11.0,163.0,51.0,2024-07-25,2025-07-25,30600.0,10000.0,20600.0,0.0,,600.0,park 1
60,CLIENT_6A84C5AD52,,4.0,56.0,52.5,2024-04-23,2025-04-23,26000.0,26000.0,,0.0,,495.23809523809524,park 1
61,CLIENT_2DE8ED07A6,,1.0,15.0,54.5,,,,,,0.0,,0.0,park 1
62,CLIENT_2DE8ED07A6,,1.0,16.0,54.5,,,,,,0.0,,0.0,park 1
63,CLIENT_501839F3D4,,6.0,96.0,69.0,,,,,,0.0,,0.0,park 1
64,CLIENT_501839F3D4,,6.0,83.0,68.0,,,,,,0.0,,0.0,park 1
65,CLIENT_D8724ECAE5,*********968,4.0,64.0,51.0,,,28050.0,20000.0,,8050.0,,550.0,park 1
66,CLIENT_4A6CFC245F,******************090,3.0,50.0,51.0,2023-12-09,2024-12-09,30600.0,20600.0,8000.0,2000.0,2025-11-20,600.0,park 1
67,CLIENT_714E02AD7A,*********686,4.0,62.0,47.0,2023-10-03,2024-10-03,25850.0,15000.0,,10850.0,,550.0,park 1
68,CLIENT_35325982DA,*********682,10.0,148.0,51.0,2024-01-27,2025-01-27,28050.0,20000.0,6100.0,1950.0,2025-11-25,550.0,park 1
69,CLIENT_D693552826,,9.0,127.0,54.5,2024-06-11,2025-06-11,25000.0,6500.0,,18500.0,,458.7155963302752,park 1
70,CLIENT_D693552826,,9.0,128.0,54.5,2024-06-11,2025-06-11,25000.0,6500.0,,18500.0,,458.7155963302752,park 1
71,CLIENT_F297C9C663,*********273,11.0,158.0,71.5,2024-07-10,2025-07-10,39000.0,10500.0,6000.0,22500.0,2025-12-15,545.4545454545455,park 1
72,CLIENT_D57D107BF8,******324,8.0,115.0,52.5,2024-06-11,2025-06-11,28500.0,17000.0,11500.0,0.0,,542.8571428571429,park 1
73,CLIENT_1B5254D699,*********486,4.0,35.0,46.0,2024-04-03,2025-04-03,24730.0,24730.0,,0.0,,537.6086956521739,park 1
74,CLIENT_7B648595C8,******501,10.0,139.0,68.0,2024-02-15,2025-02-15,37400.0,25000.0,,12400.0,2025-11-20,550.0,park 1
75,CLIENT_B327F6B6FB,*********888,6.0,63.0,46.0,,,23000.0,15000.0,8000.0,0.0,,500.0,park 1
76,CLIENT_8951F19450,*********942,9.0,136.0,46.0,2024-04-11,2025-04-11,27600.0,19792.0,7808.0,0.0,,600.0,park 1
77,CLIENT_487DFC9C44,*********195,6.0,84.0,52.5,2024-05-29,2025-05-29,28900.0,20000.0,7900.0,1000.0,,550.4761904761905,park 1
78,CLIENT_E0663C58A4,*********107,2.0,30.0,54.5,2024-03-14,2025-03-14,30000.0,29000.0,1000.0,0.0,,550.4587155963303,park 1
79,CLIENT_5A1E0EEE13,*********243,5.0,70.0,52.5,2024-04-22,2025-04-22,28875.0,5000.0,3000.0,20875.0,,550.0,park 1
80,CLIENT_41D07CC6C9,*********968,4.0,65.0,51.0,,,28050.0,20000.0,,8050.0,,550.0,park 1
81,CLIENT_9EC00B1B10,*********089,1.0,17.0,52.5,2024-04-05,2025-04-05,30500.0,15000.0,15500.0,0.0,,580.952380952381,park 1
82,CLIENT_23E264509C,*********186,48.0,,48.0,2025-02-12,2026-02-12,62000.0,30000.0,29000.0,3000.0,,1291.6666666666667,park 1
83,CLIENT_F45ADD0CDF,*********************306,6.0,85.0,54.5,2024-04-12,2025-04-12,32000.0,19200.0,12000.0,800.0,,587.1559633027523,park 1
84,CLIENT_C1CA965781,*********428,2.0,28.0,52.5,2024-02-08,2025-02-08,30600.0,29400.0,1200.0,0.0,,582.8571428571429,park 1
85,CLIENT_DA5958D7D8,*********895,6.0,87.0,52.5,2024-05-06,2025-05-06,28875.0,28875.0,,0.0,,550.0,park 1
86,CLIENT_7A31F4B1CE,*********836,11.0,155.0,54.5,2024-03-30,2025-03-30,27250.0,25250.0,2000.0,0.0,,500.0,park 1
87,CLIENT_4C07CDEAC0,*********836,11.0,156.0,54.5,2024-03-30,2025-03-30,27250.0,27250.0,,0.0,,500.0,park 1
88,CLIENT_0538CE6F58,,5.0,76.0,47.0,2023-10-03,2024-10-03,25850.0,12500.0,13350.0,0.0,,550.0,park 1
89,CLIENT_32C031909A,*********336,4.0,58.0,54.5,2023-11-10,2024-11-10,31000.0,20000.0,5000.0,6000.0,2025-01-10,568.8073394495412,park 1
90,CLIENT_AEE4E42B59,*********336,5.0,72.0,54.5,2023-11-10,2024-11-10,31000.0,20000.0,5000.0,6000.0,2025-01-10,568.8073394495412,park 1
91,CLIENT_B7F5554BA3,,11.0,166.0,74.0,,,,,,0.0,,0.0,park 1
92,CLIENT_B7F5554BA3,,11.0,153.0,71.5,,,,,,0.0,,0.0,park 1
93,CLIENT_B7F5554BA3,,87.0,,87.0,,,,,,0.0,,0.0,park 1
94,CLIENT_815C9DEAFE,*********700,7.0,103.0,69.0,,,38000.0,38000.0,,0.0,,550.7246376811594,park 1
95,CLIENT_815C9DEAFE,*********700,5.0,77.0,46.0,2024-11-12,2025-11-12,25000.0,25000.0,,0.0,,543.4782608695652,park 1
96,CLIENT_97E81F497F,*********464,3.0,43.0,54.0,2024-01-07,2025-01-07,27000.0,27000.0,,0.0,,500.0,park 1
97,CLIENT_05A5227AAC,*********198,2.0,29.0,54.5,2024-01-31,2025-01-31,29975.0,10000.0,16500.0,3475.0,,550.0,park 1
98,CLIENT_0D6EA3A083,*********336,10.0,140.0,52.5,2024-09-29,2025-09-29,30000.0,19000.0,,11000.0,2025-10-10,571.4285714285714,park 1
99,CLIENT_C4462E7372,,5.0,74.0,68.0,,,34000.0,29500.0,,4500.0,,500.0,park 1
100,CLIENT_4A0981DD37,*********232,2.0,27.0,68.0,2023-11-22,2024-11-22,34000.0,34000.0,,0.0,,500.0,park 1
101,CLIENT_4A0981DD37,*********232,3.0,41.0,68.0,2023-11-22,2024-11-22,34000.0,34000.0,,0.0,,500.0,park 1
102,CLIENT_12514E463D,*********690,,,87.0,2025-04-16,2026-04-16,100000.0,50000.0,,50000.0,,1149.4252873563219,park 1
103,CLIENT_333A718C78,******232,,,108.0,2025-01-03,2026-01-03,129600.0,45000.0,9000.0,75600.0,,1200.0,park 1
104,CLIENT_D3BB48C0BF,******717,10.0,149.0,51.0,2024-01-27,2025-01-27,28050.0,20000.0,4000.0,4050.0,,550.0,park 1
105,CLIENT_32890C7A8C,*********519,9.0,132.0,47.0,2023-12-22,2024-12-22,23500.0,23500.0,,0.0,,500.0,park 1
106,CLIENT_32890C7A8C,*********519,7.0,109.0,47.0,2023-12-22,2024-12-22,23500.0,23500.0,,0.0,,500.0,park 1
107,CLIENT_7F610C2900,*********751,7.0,99.0,54.5,2024-05-19,2025-05-19,30000.0,30000.0,,0.0,,550.4587155963303,park 1
108,CLIENT_7F610C2900,*********751,7.0,100.0,54.5,2024-05-19,2025-05-19,30000.0,30000.0,,0.0,,550.4587155963303,park 1
109,CLIENT_1491727855,*********067,8.0,118.0,47.0,2023-11-03,2024-11-03,23500.0,20000.0,3500.0,0.0,,500.0,park 1
110,CLIENT_5D519C3EC8,*********936,1.0,25.0,47.0,2024-03-14,2025-03-14,24500.0,24500.0,,0.0,,521.2765957446809,park 1
111,CLIENT_7D7B3F4270,*********221,6.0,95.0,47.0,2024-01-08,2025-01-08,25000.0,6500.0,4000.0,14500.0,,531.9148936170212,park 1
112,CLIENT_8D9FC9A15B,*********221,6.0,94.0,46.0,2024-01-08,2025-01-08,25000.0,6500.0,,18500.0,,543.4782608695652,park 1
113,CLIENT_C3F5B89F42,*********000,2.0,36.0,51.0,2023-10-20,2024-10-20,25500.0,25500.0,,0.0,,500.0,park 1
114,CLIENT_C3F5B89F42,*********000,3.0,49.0,46.0,2023-10-20,2024-10-20,23000.0,23000.0,,0.0,,500.0,park 1
115,CLIENT_C3F5B89F42,*********000,3.0,48.0,47.0,2023-10-20,2024-10-20,23500.0,21500.0,,2000.0,,500.0,park 1
116,CLIENT_153CC664C9,*********550,5.0,80.0,46.0,2023-12-18,2024-12-18,23000.0,23000.0,,0.0,,500.0,park 1
117,CLIENT_153CC664C9,******************343,4.0,66.0,46.0,2023-12-18,2024-12-18,23000.0,21500.0,,1500.0,,500.0,park 1
118,CLIENT_4F9CCD816F,,7.0,98.0,52.5,2024-05-19,2025-05-19,26000.0,8000.0,6000.0,12000.0,,495.23809523809524,park 1
119,CLIENT_4F9CCD816F,,7.0,101.0,52.5,2024-05-19,2025-05-19,26000.0,11000.0,,15000.0,,495.23809523809524,park 1
120,CLIENT_6E82710B97,*********565,9.0,138.0,69.0,2023-09-25,2024-09-25,34500.0,15000.0,19500.0,0.0,,500.0,park 1
121,CLIENT_4371FDC58F,,8.0,113.0,54.5,,,25000.0,13900.0,11100.0,0.0,,458.7155963302752,park 1
122,CLIENT_33226B0F02,,1.0,26.0,69.0,2023-11-24,2024-11-24,37000.0,20000.0,,17000.0,,536.231884057971,park 1
123,CLIENT_FE94BAC034,*********802,108.0,,108.0,,,140000.0,26000.0,,114000.0,,1296.2962962962963,park 1
124,CLIENT_309965D386,*********716,2.0,31.0,52.5,2024-04-01,2025-04-01,26250.0,22000.0,4250.0,0.0,,500.0,park 1
125,CLIENT_F28001950A,********555,2.0,32.0,68.0,2024-03-10,2025-03-10,40800.0,15000.0,5000.0,20800.0,,600.0,park 1
126,CLIENT_5AF5CC1434,*********017,6.0,88.0,68.0,2023-12-26,2024-12-26,34000.0,34000.0,,0.0,,500.0,park 1
127,CLIENT_5AF5CC1434,*********017,7.0,105.0,46.0,2023-12-26,2024-12-26,23000.0,23000.0,,0.0,,500.0,park 1
128,CLIENT_966EC92EE6,*********017,8.0,119.0,46.0,2023-12-26,2024-12-26,23000.0,23000.0,,0.0,,500.0,park 1
129,CLIENT_0C0F22FC37,*********525,4.0,59.0,52.5,2024-04-14,2025-04-14,31500.0,13810.0,3800.0,13890.0,,600.0,park 1
130,CLIENT_509E298F60,*********741,10.0,144.0,68.0,2024-01-14,2025-01-14,39000.0,25000.0,14000.0,0.0,,573.5294117647059,park 1
131,CLIENT_3F1662A3AE,*********805,6.0,86.0,54.5,2024-04-06,2025-04-06,28000.0,28000.0,,0.0,,513.7614678899082,park 1
132,CLIENT_09CF3364BC,*********755,5.0,54.0,69.0,2024-04-24,2025-04-24,35500.0,30000.0,5500.0,0.0,,514.4927536231884,park 1
133,CLIENT_1940222308,*********784,7.0,106.0,51.0,2024-01-22,2025-01-22,27500.0,26840.0,,660.0,,539.2156862745098,park 1
134,CLIENT_4D1AFC0876,*********979,10.0,141.0,54.5,2024-11-22,2025-11-22,31500.0,10000.0,15000.0,6500.0,2026-01-05,577.9816513761468,park 1
135,CLIENT_D7E28A0382,,9.0,129.0,52.5,2024-04-01,2025-04-01,26250.0,10000.0,4000.0,12250.0,,500.0,park 1
136,CLIENT_A574247019,*********************536,2.0,37.0,51.0,2023-11-24,2024-11-24,30600.0,26600.0,4000.0,0.0,,600.0,park 1
137,CLIENT_5C34D60FA8,******795,7.0,104.0,47.0,2025-03-12,2026-03-12,28000.0,28000.0,,0.0,,595.7446808510638,park 1
138,CLIENT_2072A323E5,********299,3.0,45.0,52.5,2024-02-19,2025-02-19,31500.0,14000.0,15000.0,2500.0,,600.0,park 1
139,CLIENT_524A2C7437,,4.0,57.0,54.5,,,27250.0,21500.0,2500.0,3250.0,,500.0,park 1
140,CLIENT_3C172EB471,,8.0,116.0,68.0,,,,,,0.0,,0.0,park 1
141,CLIENT_54E5ECF9A1,,1.0,14.0,52.5,,,,,,0.0,,0.0,park 1
142,CLIENT_0E4AEC752C,*********************787,4.0,61.0,69.0,2023-08-08,2024-08-08,37950.0,22350.0,15600.0,0.0,,550.0,park 1
143,CLIENT_3174D91396,*********996,1.0,22.0,51.0,2024-01-31,2025-01-31,28050.0,28050.0,,0.0,,550.0,park 1
144,CLIENT_6C5DEBC422,*********838,5.0,81.0,47.0,2024-02-19,2025-02-19,25850.0,25850.0,,0.0,,550.0,park 1
145,CLIENT_AE753ACF56,*********369,5.0,78.0,51.0,2025-01-29,2026-01-29,28000.0,28000.0,,0.0,,549.0196078431372,park 1
146,CLIENT_275220B107,*********050,3.0,51.0,51.0,2024-01-13,2025-01-13,30000.0,16500.0,13500.0,0.0,,588.2352941176471,park 1
147,CLIENT_1A861F4D77,*********************776,1.0,13.0,68.0,2024-01-08,2025-01-08,39500.0,37000.0,2500.0,0.0,,580.8823529411765,park 1
148,CLIENT_DB9BB2E8EC,*********652,11.0,162.0,51.0,2024-05-22,2025-05-22,28000.0,10000.0,18000.0,0.0,,549.0196078431372,park 1
149,CLIENT_EA38264A0E,,9.0,131.0,69.0,2023-08-29,2024-08-29,35000.0,15000.0,,20000.0,,507.2463768115942,park 1
150,CLIENT_EA38264A0E,,9.0,130.0,68.0,2023-08-29,2024-08-29,35000.0,15000.0,,20000.0,,514.7058823529412,park 1
151,CLIENT_EA38264A0E,,7.0,110.0,69.0,2023-08-29,2024-08-29,35000.0,15000.0,,20000.0,,507.2463768115942,park 1
152,CLIENT_EA38264A0E,,7.0,97.0,68.0,2023-08-29,2024-08-29,35000.0,15000.0,,20000.0,,514.7058823529412,park 1
153,CLIENT_92E84E6C0D,*********682,6.0,93.0,51.0,2024-01-08,2025-01-08,26500.0,17500.0,9000.0,0.0,,519.6078431372549,park 1
154,CLIENT_92E84E6C0D,*********682,6.0,92.0,51.0,2024-01-08,2025-01-08,26500.0,17500.0,9000.0,0.0,,519.6078431372549,park 1
155,CLIENT_9B2835B60F,,5.0,44.0,54.5,2023-01-26,2024-01-26,26500.0,25800.0,,700.0,,486.23853211009174,park 1
156,CLIENT_2D369F3D27,*********768,8.0,123.0,47.0,2024-01-10,2025-01-10,25850.0,9000.0,11500.0,5350.0,,550.0,park 1
157,CLIENT_97DDFDF79E,******806,3.0,42.0,52.5,2025-03-12,2026-03-12,28800.0,28400.0,400.0,0.0,,548.5714285714286,park 1
158,CLIENT_1AAFCA5135,******505,3.0,46.0,68.0,,,34000.0,34000.0,,0.0,,500.0,park 1
159,CLIENT_8198661FB7,******522,12.0,143.0,52.5,2025-03-31,2025-03-03,28000.0,20000.0,8000.0,0.0,,533.3333333333334,park 1
160,CLIENT_7D0797A886,,2.0,34.0,47.0,2024-02-19,2025-02-19,23500.0,23500.0,,0.0,,500.0,park 1
161,CLIENT_E07FB75BB1,******325,1.0,6.0,73.0,2024-01-22,2025-01-22,36500.0,36500.0,,0.0,,500.0,stadion
162,CLIENT_25137D5AA6,******355,7.0,74.0,54.0,2024-02-03,2025-02-03,27000.0,10000.0,5000.0,12000.0,,500.0,stadion
163,CLIENT_45B36E3F7A,******573,6.0,62.0,54.0,2024-02-03,2025-02-03,27000.0,10000.0,5000.0,12000.0,,500.0,stadion
164,CLIENT_66BE390E39,******300,4.0,38.0,54.0,2024-03-01,2025-03-01,31000.0,10000.0,17000.0,4000.0,,574.074074074074,stadion
165,CLIENT_45F8801F11,*******************644,4.0,37.0,72.5,2024-03-18,2025-03-18,43500.0,5500.0,6000.0,32000.0,2025-11-30,600.0,stadion
166,CLIENT_7E2CB04A6D,******898,2.0,20.0,54.0,2024-04-18,2025-04-18,32000.0,10000.0,22000.0,0.0,,592.5925925925926,stadion
167,CLIENT_9D0E0AD84F,******696,3.0,34.0,50.0,2024-04-19,2025-04-19,25000.0,25000.0,,0.0,,500.0,stadion
168,CLIENT_F24A2AFBC0,******464,5.0,58.0,50.0,2024-05-07,2025-05-07,27500.0,6990.0,5000.0,15510.0,2026-02-04,550.0,stadion
169,CLIENT_1B844B3D76,,4.0,44.0,54.0,2024-06-02,2025-06-02,29700.0,25000.0,4700.0,0.0,,550.0,stadion
170,CLIENT_E33CFA88AA,******994,2.0,22.0,50.0,2024-06-08,2025-06-08,27500.0,17000.0,10500.0,0.0,,550.0,stadion
171,CLIENT_E33CFA88AA,******994,2.0,21.0,50.0,2024-06-08,2025-06-08,27500.0,17000.0,5500.0,5000.0,,550.0,stadion
172,CLIENT_4B68CE1E81,******390,6.0,70.0,50.0,2024-07-11,2025-07-11,25000.0,20000.0,5000.0,0.0,,500.0,stadion
173,CLIENT_4B68CE1E81,******390,6.0,69.0,50.0,2024-07-11,2025-07-11,25000.0,20000.0,5000.0,0.0,,500.0,stadion
174,CLIENT_4B68CE1E81,******390,6.0,68.0,54.0,2024-07-11,2025-07-11,27000.0,20000.0,5000.0,2000.0,,500.0,stadion
175,CLIENT_E3F0B99417,********000,7.0,75.0,49.0,2024-08-08,2025-08-08,26950.0,26950.0,,0.0,,550.0,stadion
176,CLIENT_682513752C,******901,6.0,63.0,49.0,2024-09-06,2025-09-06,24500.0,24500.0,,0.0,,500.0,stadion
177,CLIENT_E20F3DCD6A,******806,2.0,16.0,50.5,2024-10-21,2026-04-05,27500.0,9000.0,,18500.0,,544.5544554455446,stadion
178,CLIENT_B3D83C39F4,******858,2.0,15.0,49.0,2024-11-02,2025-11-02,19600.0,6200.0,,13400.0,,400.0,stadion
179,CLIENT_7CAB3B2EB3,******400,4.0,42.0,73.0,2024-11-15,2026-05-05,43800.0,21000.0,9000.0,13800.0,,600.0,stadion
180,CLIENT_CEF3EA251E,******298,3.0,36.0,73.0,2024-11-22,2025-12-25,43000.0,20000.0,,23000.0,2025-12-25,589.0410958904109,stadion
181,CLIENT_706A61C0A0,******733,2.0,14.0,54.0,2024-11-25,2026-05-05,32400.0,15400.0,7500.0,9500.0,,600.0,stadion
182,CLIENT_FD5005127F,,5.0,53.0,50.0,2024-11-20,2025-11-20,29500.0,10000.0,12000.0,7500.0,,590.0,stadion
183,CLIENT_266ABEB7FA,,7.0,83.0,50.0,2024-12-02,2025-12-02,25000.0,0.0,,25000.0,,500.0,stadion
184,CLIENT_266ABEB7FA,,7.0,81.0,50.0,2024-12-02,2025-12-02,25000.0,0.0,,25000.0,,500.0,stadion
185,CLIENT_EFC94AE90E,************************873,6.0,72.0,73.0,2024-12-05,2025-12-05,43800.0,5000.0,11100.0,27700.0,2025-11-15,600.0,stadion
186,CLIENT_53C1126674,******797,1.0,1.0,72.5,2024-12-09,2025-12-09,25000.0,0.0,,25000.0,,344.82758620689657,stadion
187,CLIENT_53C1126674,******797,1.0,12.0,73.0,2024-12-09,2025-12-09,0.0,0.0,,0.0,,0.0,stadion
188,CLIENT_8BF8FFCD74,******371,3.0,26.0,54.0,2024-12-11,2025-12-11,27000.0,12000.0,2000.0,13000.0,,500.0,stadion
189,CLIENT_AB4E3B1B5D,******803,3.0,27.0,49.0,2024-12-13,2025-12-13,28500.0,20000.0,3000.0,5500.0,2025-11-18,581.6326530612245,stadion
190,CLIENT_4FBA252129,***************597,4.0,48.0,73.0,2024-12-17,2025-12-17,36500.0,10000.0,20000.0,6500.0,,500.0,stadion
191,CLIENT_0B1FD62763,,3.0,25.0,72.5,,,29000.0,20000.0,,9000.0,,400.0,stadion
192,CLIENT_F575689C70,******************429,3.0,28.0,50.0,2025-01-15,2026-01-15,30000.0,14000.0,10000.0,6000.0,2026-01-02,600.0,stadion
193,CLIENT_53424C2126,******000,10.0,103.0,73.0,2025-01-27,2026-01-27,42000.0,20000.0,12000.0,10000.0,2026-02-02,575.3424657534247,stadion
194,CLIENT_3859AECB2D,******653,7.0,80.0,54.0,2025-02-15,2026-02-15,32400.0,18800.0,10400.0,3200.0,2025-12-15,600.0,stadion
195,CLIENT_FD978F10D0,******390,3.0,29.0,50.0,2025-03-08,2026-03-08,27500.0,16000.0,6000.0,5500.0,,550.0,stadion
196,CLIENT_2B43DD80E2,*************************************166,3.0,30.0,73.0,2025-03-24,2026-03-24,43800.0,16000.0,4000.0,23800.0,,600.0,stadion
197,CLIENT_45DD2BEDBA,******554,2.0,56.0,54.0,2025-04-06,2026-04-06,28500.0,28500.0,,0.0,,527.7777777777778,stadion
198,CLIENT_4E35E942AD,***************793,7.0,79.0,72.5,2025-04-10,2026-04-10,39875.0,15000.0,8400.0,16475.0,2025-12-10,550.0,stadion
199,CLIENT_C50D705FED,,5.0,49.0,72.5,,,,,,0.0,,0.0,stadion
200,CLIENT_C50D705FED,,5.0,50.0,54.0,,,,,,0.0,,0.0,stadion
201,CLIENT_947882FCF1,,5.0,60.0,73.0,,,,,,0.0,,0.0,stadion
202,CLIENT_947882FCF1,,5.0,59.0,50.0,,,,,,0.0,,0.0,stadion
203,CLIENT_B7F5554BA3,,8.0,85.0,72.5,,,,,,0.0,,0.0,stadion
204,CLIENT_B7F5554BA3,,8.0,86.0,54.0,,,,,,0.0,,0.0,stadion
205,CLIENT_2DE8ED07A6,,9.0,97.0,72.5,,,,,,0.0,,0.0,stadion
206,CLIENT_2DE8ED07A6,,9.0,98.0,54.0,,,,,,0.0,,0.0,stadion
207,CLIENT_2DE8ED07A6,,9.0,108.0,73.0,,,,,,0.0,,0.0,stadion
208,CLIENT_DC6F436D1C,******212,1.0,8.0,54.0,2025-05-03,2026-05-03,32000.0,12000.0,6000.0,14000.0,2026-01-20,592.5925925925926,stadion
209,CLIENT_57E31B57ED,***************361,4.0,41.0,50.0,2025-05-05,2026-05-05,27000.0,20000.0,5000.0,2000.0,2025-12-06,540.0,stadion
210,CLIENT_5B1B642932,******747,4.0,39.0,49.0,2025-05-07,2026-05-07,26950.0,20900.0,6050.0,0.0,2025-11-15,550.0,stadion
211,CLIENT_5B1B642932,******747,4.0,40.0,50.5,2025-05-07,2026-05-07,27775.0,0.0,11550.0,16225.0,2025-11-15,550.0,stadion
212,CLIENT_BDCDE78281,******435,5.0,54.0,73.0,2025-05-17,2025-11-17,39000.0,32000.0,,7000.0,,534.2465753424658,stadion
213,CLIENT_E5D3D0D5DD,,7.0,76.0,50.5,2025-06-02,2026-06-02,26500.0,26500.0,,0.0,,524.7524752475248,stadion
214,CLIENT_BD734F6E68,,7.0,82.0,50.0,2025-06-02,2026-06-02,26500.0,3500.0,,23000.0,,530.0,stadion
215,CLIENT_2DE8ED07A6,,9.0,96.0,73.0,,,,,,0.0,,0.0,stadion
216,CLIENT_E610C5F89D,******600,2.0,17.0,50.0,2024-12-30,2025-12-30,25000.0,25000.0,,0.0,,500.0,stadion
217,CLIENT_E610C5F89D,******600,2.0,23.0,50.0,2024-12-30,2025-12-30,25000.0,25000.0,,0.0,,500.0,stadion
218,CLIENT_D2F22BF0D4,******304,6.0,67.0,72.5,2025-07-01,2026-07-01,42000.0,20000.0,5000.0,17000.0,2025-12-30,579.3103448275862,stadion
219,CLIENT_3D666B9984,******585,5.0,51.0,49.0,2025-06-28,2026-06-28,27000.0,27000.0,,0.0,,551.0204081632653,stadion
220,CLIENT_3D666B9984,******585,5.0,52.0,50.5,2025-06-28,2026-06-28,28000.0,8000.0,3000.0,17000.0,2026-02-05,554.4554455445544,stadion
221,CLIENT_84536D46E3,******705,3.0,18.0,73.0,2025-07-02,2026-07-02,39000.0,36700.0,,2300.0,,534.2465753424658,stadion
222,CLIENT_0656104B63,,6.0,65.0,50.0,,,,,,0.0,,0.0,stadion
223,CLIENT_0656104B63,,6.0,66.0,73.0,,,,,,0.0,,0.0,stadion
224,CLIENT_0CE1FC6E77,,8.0,88.0,50.5,2025-07-05,2026-02-05,23000.0,13000.0,,10000.0,,455.44554455445547,stadion
225,CLIENT_9DF7DB0DBA,******187,1.0,4.0,50.5,2025-07-07,2026-07-07,30300.0,5000.0,5000.0,20300.0,,600.0,stadion
226,CLIENT_5B84E5F37E,************************820,8.0,92.0,54.0,2025-07-15,2026-07-15,29000.0,29000.0,,0.0,,537.0370370370371,stadion
227,CLIENT_D266D5D5E7,******410,8.0,73.0,72.5,2025-08-03,2026-08-03,39000.0,0.0,,39000.0,,537.9310344827586,stadion
228,CLIENT_42C82A9DF5,******022,5.0,55.0,72.5,2025-09-05,2026-09-05,42000.0,26000.0,,16000.0,2026-03-05,579.3103448275862,stadion
229,CLIENT_D5E88F4C96,******507,3.0,33.0,50.0,2025-09-16,2026-09-16,30000.0,10000.0,1900.0,18100.0,2025-11-25,600.0,stadion
230,CLIENT_70003027B6,,6.0,61.0,72.5,2025-09-15,2025-09-15,38000.0,38000.0,,0.0,,524.1379310344828,stadion
231,CLIENT_D406EB8680,******518,4.0,47.0,50.0,2025-10-02,2026-10-02,27500.0,18000.0,,9500.0,2026-05-30,550.0,stadion
232,CLIENT_BF6D2906F7,******207,9.0,104.0,54.0,2025-10-10,2026-10-10,29000.0,29000.0,,0.0,,537.0370370370371,stadion
233,CLIENT_044C4D768A,*****************251,3.0,35.0,50.0,2025-10-09,2026-10-09,27500.0,27500.0,,0.0,2025-11-30,550.0,stadion
234,CLIENT_B75C6C3A68,******784,3.0,32.0,54.0,2025-10-16,2026-10-16,29000.0,10000.0,4900.0,14100.0,,537.0370370370371,stadion
235,CLIENT_4006CD08AF,,4.0,43.0,72.5,2025-09-22,2026-09-22,43000.0,18900.0,,24100.0,,593.1034482758621,stadion
236,CLIENT_19B3AD3AC4,******192,4.0,45.0,50.0,2025-10-17,2026-10-17,26800.0,26800.0,,0.0,,536.0,stadion
237,CLIENT_E551499021,******718,8.0,90.0,73.0,2025-11-03,2026-11-03,40000.0,40000.0,,0.0,,547.945205479452,stadion
238,CLIENT_EC7437DA4E,******272,9.0,102.0,73.0,2025-11-03,2026-11-03,40000.0,20000.0,,20000.0,,547.945205479452,stadion
239,CLIENT_C98B2F2963,,6.0,64.0,50.5,2025-11-11,2025-11-11,26260.0,26260.0,,0.0,,520.0,stadion
240,CLIENT_0E8258A5D0,******757,10.0,110.0,54.0,2025-11-10,2026-11-10,32000.0,8500.0,,23500.0,,592.5925925925926,stadion
241,CLIENT_5AAF891189,******246,1.0,1.0,38.5,2025-01-01,2026-01-01,19250.0,5000.0,,14250.0,,500.0,sakartvelo 1
242,CLIENT_5AAF891189,******246,4.0,22.0,77.0,2024-09-24,2025-09-24,38500.0,6150.0,5000.0,27350.0,,500.0,sakartvelo 1
243,CLIENT_691A73931B,******234,1.0,9.0,57.0,2025-04-18,2026-04-18,32000.0,18000.0,3500.0,10500.0,2025-12-20,561.4035087719299,sakartvelo 1
244,CLIENT_93E901BC17,,6.0,44.0,49.0,2025-04-19,2026-04-19,26950.0,15000.0,,11950.0,,550.0,sakartvelo 1
245,CLIENT_F768DC5F78,******050,4.0,21.0,57.0,2024-06-09,2025-06-09,31350.0,10000.0,18150.0,3200.0,,550.0,sakartvelo 1
246,CLIENT_62A9D4AC63,********390,2.0,5.0,74.0,2025-05-11,2026-05-11,40000.0,19000.0,6000.0,15000.0,2025-10-30,540.5405405405405,sakartvelo 1
247,CLIENT_528DF5A8BE,******313,3.0,7.0,57.0,2024-06-10,2025-06-10,3400.0,,,3400.0,,59.64912280701754,sakartvelo 1
248,CLIENT_528DF5A8BE,******313,3.0,8.0,77.0,2024-06-10,2025-06-10,,,,0.0,,0.0,sakartvelo 1
249,CLIENT_DC708670A6,******686,9.0,91.0,57.0,2024-07-15,2025-07-15,33000.0,10000.0,10000.0,13000.0,,578.9473684210526,sakartvelo 1
250,CLIENT_DC708670A6,******686,8.0,77.0,57.0,2024-06-11,2025-06-11,33000.0,10000.0,10000.0,13000.0,,578.9473684210526,sakartvelo 1
251,CLIENT_C1F65DEA9B,******313,4.0,23.0,77.0,2024-06-14,2025-06-14,42000.0,15000.0,15000.0,12000.0,,545.4545454545455,sakartvelo 1
252,CLIENT_33DE825B09,******478,5.0,37.0,77.0,2024-06-20,2025-06-20,42000.0,15000.0,15000.0,12000.0,,545.4545454545455,sakartvelo 1
253,CLIENT_177867A91F,******686,6.0,49.0,57.0,2024-06-20,2025-06-20,33000.0,10000.0,,23000.0,,578.9473684210526,sakartvelo 1
254,CLIENT_B1E1B47AAD,******************181,3.0,5.0,58.5,2024-07-06,2025-07-06,29250.0,28000.0,1250.0,0.0,,500.0,sakartvelo 1
255,CLIENT_4EAA41D9B3,,5.0,30.0,49.0,2024-07-09,2025-07-09,24500.0,12250.0,12250.0,0.0,,500.0,sakartvelo 1
256,CLIENT_5AAF891189,******246,4.0,20.0,71.0,2024-09-29,2025-09-29,35500.0,7450.0,15000.0,13050.0,,500.0,sakartvelo 1
257,CLIENT_5AAF891189,******246,7.0,65.0,77.0,2024-07-17,2025-07-17,38500.0,5000.0,5000.0,28500.0,,500.0,sakartvelo 1
258,CLIENT_5D36EE3548,******363,6.0,50.0,77.0,2024-08-04,2025-08-04,45500.0,10000.0,,35500.0,,590.9090909090909,sakartvelo 1
259,CLIENT_04F35CDD53,***************486,7.0,63.0,57.0,2024-08-09,2025-08-09,34000.0,10000.0,,24000.0,,596.4912280701755,sakartvelo 1
260,CLIENT_2142A9F8A4,******197,7.0,62.0,71.0,2024-08-15,2025-08-15,42000.0,13000.0,9000.0,20000.0,,591.5492957746479,sakartvelo 1
261,CLIENT_6A77B8A234,********000,5.0,38.0,57.0,2024-08-08,2025-08-08,31050.0,23050.0,8000.0,0.0,,544.7368421052631,sakartvelo 1
262,CLIENT_4437883105,******399,8.0,76.0,71.0,2024-08-31,2025-08-31,40000.0,20000.0,15000.0,5000.0,2025-12-28,563.3802816901408,sakartvelo 1
263,CLIENT_25754A2FB9,******313,6.0,51.0,77.0,2024-09-07,2025-09-07,42000.0,13000.0,,29000.0,,545.4545454545455,sakartvelo 1
264,CLIENT_E954A6284D,******753,5.0,31.0,71.0,2024-09-09,2025-09-09,42000.0,10000.0,20000.0,12000.0,2025-12-30,591.5492957746479,sakartvelo 1
265,CLIENT_698B74EE36,******686,5.0,40.0,56.0,2024-09-18,2025-09-18,32480.0,10000.0,,22480.0,,580.0,sakartvelo 1
266,CLIENT_9B0798EFB9,******161,4.0,17.0,71.0,2024-09-15,2025-09-15,42000.0,10000.0,20000.0,12000.0,,591.5492957746479,sakartvelo 1
267,CLIENT_0AAF998F30,******100,,,160.0,2024-09-15,2025-09-15,235000.0,135000.0,20000.0,80000.0,2025-12-31,1468.75,sakartvelo 1
268,CLIENT_3880C3CB8F,**************************832,11.0,121.0,77.0,2024-10-11,2025-10-11,46200.0,10000.0,35000.0,1200.0,2025-12-22,600.0,sakartvelo 1
269,CLIENT_16B334CEFB,******295,3.0,11.0,63.0,2024-10-15,2025-10-15,34650.0,16000.0,8900.0,9750.0,2025-12-15,550.0,sakartvelo 1
270,CLIENT_A961476877,******656,7.0,66.0,57.0,2024-10-27,2025-10-27,31350.0,31350.0,,0.0,,550.0,sakartvelo 1
271,CLIENT_FE91DF422E,******696,8.0,72.0,49.0,2024-10-30,2025-10-30,24500.0,10000.0,,14500.0,,500.0,sakartvelo 1
272,CLIENT_EF05EF8554,******************364,6.0,45.0,71.0,2024-11-01,2025-11-01,42600.0,17000.0,5000.0,20600.0,2025-12-01,600.0,sakartvelo 1
273,CLIENT_4C84D79F52,,3.0,14.0,57.0,2024-11-02,2025-11-02,34200.0,10000.0,,24200.0,,600.0,sakartvelo 1
274,CLIENT_83AB81D501,*********288,3.0,3.0,71.0,2024-11-20,2026-05-20,39050.0,16500.0,6075.0,16475.0,2025-12-10,550.0,sakartvelo 1
275,CLIENT_0204E6E86B,******************807,7.0,61.0,58.5,2024-11-20,2026-12-30,33000.0,11000.0,5500.0,16500.0,2025-12-30,564.1025641025641,sakartvelo 1
276,CLIENT_7418E31258,******003,6.0,48.0,71.0,2024-11-24,2025-11-24,41600.0,23400.0,6200.0,12000.0,2025-11-30,585.9154929577464,sakartvelo 1
277,CLIENT_2C70913902,******161,8.0,79.0,77.0,2024-11-13,2025-11-13,45000.0,10000.0,,35000.0,,584.4155844155844,sakartvelo 1
278,CLIENT_C1A65F3F07,**************************************940,6.0,52.0,57.0,2024-11-26,2026-05-26,34000.0,17000.0,10000.0,7000.0,,596.4912280701755,sakartvelo 1
279,CLIENT_6670C6B62B,,7.0,60.0,58.5,2024-12-02,,29250.0,0.0,,29250.0,,500.0,sakartvelo 1
280,CLIENT_6670C6B62B,,6.0,56.0,57.0,2024-12-02,,28500.0,0.0,,28500.0,,500.0,sakartvelo 1
281,CLIENT_384C89BB9C,******760,7.0,59.0,71.0,2024-12-03,2025-12-03,38000.0,30000.0,,8000.0,2026-01-01,535.2112676056338,sakartvelo 1
282,CLIENT_BDCC327894,*****************307,6.0,46.0,58.5,2024-12-06,2025-12-06,35100.0,5100.0,25000.0,5000.0,2026-01-06,600.0,sakartvelo 1
283,CLIENT_4A124A1932,******201,8.0,73.0,71.0,2024-12-13,2025-12-13,39000.0,12000.0,13000.0,14000.0,,549.2957746478874,sakartvelo 1
284,CLIENT_C29C66BBF2,***************557,7.0,68.0,56.0,2024-12-14,2025-12-14,30200.0,27400.0,2000.0,800.0,2026-01-05,539.2857142857143,sakartvelo 1
285,CLIENT_ACEB968A67,*********858,5.0,42.0,57.0,2024-12-18,2026-06-18,31000.0,5000.0,,26000.0,,543.859649122807,sakartvelo 1
286,CLIENT_2CBFAC9945,,6.0,47.0,58.5,2024-12-17,2025-12-17,32175.0,20000.0,,12175.0,,550.0,sakartvelo 1
287,CLIENT_C4BAFBF203,******201,4.0,16.0,49.0,2024-12-17,2025-12-17,27000.0,13000.0,2000.0,12000.0,,551.0204081632653,sakartvelo 1
288,CLIENT_EC84E50A03,******483,6.0,43.0,38.5,2024-12-23,2025-12-23,23100.0,8000.0,4000.0,11100.0,2025-11-15,600.0,sakartvelo 1
289,CLIENT_B58BAE92A8,******421,4.0,19.0,58.5,2024-12-25,2025-12-25,34000.0,15000.0,2000.0,17000.0,2026-01-15,581.1965811965812,sakartvelo 1
290,CLIENT_ABCB0792A7,******767,10.0,104.0,71.0,2025-01-06,2026-01-06,39000.0,10000.0,20000.0,9000.0,2025-12-01,549.2957746478874,sakartvelo 1
291,CLIENT_D8FCACD223,******767,10.0,101.0,71.0,2025-01-06,2026-01-06,39000.0,,12000.0,27000.0,,549.2957746478874,sakartvelo 1
292,CLIENT_4BE44EA92E,******066,6.0,33.0,58.5,2025-01-07,2026-01-07,32200.0,20000.0,12000.0,200.0,,550.4273504273505,sakartvelo 1
293,CLIENT_A7156C947F,******989,5.0,32.0,58.5,2025-01-10,2026-01-10,32000.0,24500.0,,7500.0,2025-12-05,547.008547008547,sakartvelo 1
294,CLIENT_D79631CCDD,******************************357,11.0,119.0,57.0,2025-01-13,2026-01-13,33000.0,17000.0,10000.0,6000.0,,578.9473684210526,sakartvelo 1
295,CLIENT_D79631CCDD,******************************357,11.0,114.0,49.0,2025-02-01,2026-02-01,26950.0,26950.0,,0.0,,550.0,sakartvelo 1
296,CLIENT_D79631CCDD,******************************357,9.0,89.0,58.5,2025-02-04,2026-02-04,33870.0,10000.0,,23870.0,,578.974358974359,sakartvelo 1
297,CLIENT_D313DF10CC,,5.0,29.0,38.5,2025-01-13,2026-01-13,21000.0,21000.0,,0.0,,545.4545454545455,sakartvelo 1
298,CLIENT_5076C15AA9,******768,9.0,98.0,57.0,2025-01-14,2026-01-14,31350.0,5000.0,,26350.0,,550.0,sakartvelo 1
299,CLIENT_9A7C794F92,******660,5.0,41.0,62.0,2025-01-14,2026-01-14,31000.0,31000.0,,0.0,,500.0,sakartvelo 1
300,CLIENT_2E542017A4,***************704,6.0,55.0,62.0,2025-01-15,2026-01-15,34000.0,10000.0,10000.0,14000.0,2026-01-01,548.3870967741935,sakartvelo 1
301,CLIENT_8A2CF952C0,******000,7.0,57.0,38.5,2025-01-19,2026-01-19,22800.0,10000.0,,12800.0,2025-11-30,592.2077922077922,sakartvelo 1
302,CLIENT_525D6F9141,******676,6.0,54.0,56.0,2025-01-21,2026-01-21,33600.0,5000.0,10000.0,18600.0,2025-11-25,600.0,sakartvelo 1
303,CLIENT_121DFEB0ED,***************828,,,160.0,2025-01-21,2026-01-21,236000.0,145000.0,30000.0,61000.0,,1475.0,sakartvelo 1
304,CLIENT_CE3097FE7C,********495,6.0,53.0,63.0,2025-01-25,2026-07-25,37000.0,10000.0,,27000.0,2026-01-01,587.3015873015873,sakartvelo 1
305,CLIENT_1D78761B02,******257,8.0,81.0,63.0,2025-01-27,2026-01-27,34000.0,34000.0,,0.0,,539.6825396825396,sakartvelo 1
306,CLIENT_1D78761B02,******257,7.0,67.0,63.0,2025-01-27,2026-01-27,34000.0,34000.0,,0.0,,539.6825396825396,sakartvelo 1
307,CLIENT_46907943FB,******602,10.0,100.0,49.0,2025-01-26,2026-01-26,24500.0,6000.0,7500.0,11000.0,,500.0,sakartvelo 1
308,CLIENT_C4B88FE8FF,******380,9.0,96.0,56.0,2025-01-26,2026-01-26,32000.0,10000.0,9000.0,13000.0,,571.4285714285714,sakartvelo 1
309,CLIENT_CEBEE02A25,******343,10.0,110.0,56.0,2025-01-30,2026-01-30,30800.0,30800.0,,0.0,,550.0,sakartvelo 1
310,CLIENT_30C3F9358A,******208,9.0,87.0,71.0,2025-02-01,2025-06-01,41000.0,10000.0,,31000.0,,577.4647887323944,sakartvelo 1
311,CLIENT_252F07FFD4,******312,9.0,88.0,58.5,2025-02-02,2026-06-02,33780.0,10000.0,5000.0,18780.0,,577.4358974358975,sakartvelo 1
312,CLIENT_A81A6ED8D5,******367,9.0,97.0,62.0,2025-02-02,2026-06-02,35800.0,0.0,10000.0,25800.0,,577.4193548387096,sakartvelo 1
313,CLIENT_E0D59E7E2F,******665,7.0,69.0,62.0,2025-02-03,2026-02-03,34000.0,34000.0,,0.0,,548.3870967741935,sakartvelo 1
314,CLIENT_74F535B910,******676,8.0,80.0,57.0,2025-02-04,2026-05-04,34000.0,10000.0,10000.0,14000.0,2026-05-30,596.4912280701755,sakartvelo 1
315,CLIENT_74F535B910,******676,10.0,112.0,57.0,2025-02-04,2026-05-04,34000.0,10000.0,10000.0,14000.0,2026-05-30,596.4912280701755,sakartvelo 1
316,CLIENT_74F535B910,******676,7.0,70.0,57.0,2025-02-04,2026-05-04,34000.0,10000.0,10000.0,14000.0,2026-05-30,596.4912280701755,sakartvelo 1
317,CLIENT_6EB20D0C0D,******208,9.0,95.0,63.0,2025-02-08,2025-02-08,36380.0,8000.0,2000.0,26380.0,,577.4603174603175,sakartvelo 1
318,CLIENT_A03C9DECAE,******093,10.0,109.0,63.0,2025-02-13,2026-02-13,34000.0,27000.0,4500.0,2500.0,2026-01-15,539.6825396825396,sakartvelo 1
319,CLIENT_D14DA919F5,***************704,10.0,99.0,38.5,2025-02-04,2026-02-04,21175.0,9000.0,5000.0,7175.0,2025-12-05,550.0,sakartvelo 1
320,CLIENT_FDABB1375C,******232,,,96.0,2025-02-19,2026-02-19,120000.0,25000.0,,95000.0,,1250.0,sakartvelo 1
321,CLIENT_4A4CAAFF90,******929,3.0,12.0,56.0,2025-02-09,2026-02-09,30800.0,30800.0,,0.0,,550.0,sakartvelo 1
322,CLIENT_8955822023,,11.0,122.0,57.0,2025-02-22,2026-02-22,31350.0,10000.0,,21350.0,,550.0,sakartvelo 1
323,CLIENT_8AB904C2DE,***************818,11.0,120.0,77.0,2025-02-24,2026-02-24,45500.0,5000.0,,40500.0,,590.9090909090909,sakartvelo 1
324,CLIENT_A4AF0AD947,******813,10.0,103.0,58.5,2025-02-28,2026-02-28,31000.0,31000.0,,0.0,,529.9145299145299,sakartvelo 1
325,CLIENT_1500B5FFA3,******995,7.0,58.0,49.0,2024-03-04,2025-03-04,26950.0,6000.0,,20950.0,,550.0,sakartvelo 1
326,CLIENT_A7BDD00BB9,******044,2.0,1.0,38.5,2025-03-04,2026-03-04,23100.0,8000.0,3000.0,12100.0,2025-12-05,600.0,sakartvelo 1
327,CLIENT_94B3802F63,******044,2.0,8.0,62.0,2025-03-06,2026-03-06,34100.0,0.0,4000.0,30100.0,,550.0,sakartvelo 1
328,CLIENT_BA02ABF94D,***************201,9.0,85.0,38.5,2025-03-06,2026-03-06,22500.0,8000.0,3000.0,11500.0,2026-01-10,584.4155844155844,sakartvelo 1
329,CLIENT_91F933383D,******006,2.0,3.0,71.0,2025-03-19,2026-03-19,35500.0,15000.0,10000.0,10500.0,,500.0,sakartvelo 1
330,CLIENT_CF3615A5C6,******505,2.0,6.0,63.0,2025-03-16,2026-03-16,34000.0,29000.0,5000.0,0.0,,539.6825396825396,sakartvelo 1
331,CLIENT_4054D0068D,******655,2.0,2.0,49.0,2025-03-17,2026-03-17,26950.0,15000.0,,11950.0,,550.0,sakartvelo 1
332,CLIENT_66F4A3792C,******353,2.0,7.0,56.0,2025-03-24,2026-03-24,30000.0,10000.0,20000.0,0.0,,535.7142857142857,sakartvelo 1
333,CLIENT_F4D6A26FA4,******246,4.0,27.0,62.0,2024-03-24,2025-03-24,31000.0,15000.0,5000.0,11000.0,,500.0,sakartvelo 1
334,CLIENT_B7F056A9AC,******858,10.0,111.0,62.0,2025-04-01,2027-04-01,34000.0,12000.0,5100.0,16900.0,2025-12-08,548.3870967741935,sakartvelo 1
335,CLIENT_6B08DE433D,******232,8.0,84.0,57.0,2025-04-16,2026-04-16,31350.0,10000.0,,21350.0,,550.0,sakartvelo 1
336,CLIENT_3241598ACB,,3.0,10.0,85.0,2025-06-08,,42500.0,42500.0,,0.0,,500.0,sakartvelo 1
337,CLIENT_D948C31D8C,,5.0,35.0,57.0,2025-02-04,,28500.0,28500.0,,0.0,,500.0,sakartvelo 1
338,CLIENT_D948C31D8C,,5.0,36.0,77.0,2025-02-04,,38500.0,38500.0,,0.0,,500.0,sakartvelo 1
339,CLIENT_D948C31D8C,,,,320.0,2025-02-04,,450000.0,24000.0,,426000.0,,1406.25,sakartvelo 1
340,CLIENT_DFA44A62A2,******001,2.0,4.0,58.5,2025-03-06,2026-03-06,33930.0,16000.0,,17930.0,,580.0,sakartvelo 1
341,CLIENT_3C6E57AE1C,,11.0,115.0,71.0,,,,,,0.0,,0.0,sakartvelo 1
342,CLIENT_3C6E57AE1C,,11.0,116.0,58.5,,,,,,0.0,,0.0,sakartvelo 1
343,CLIENT_3C6E57AE1C,,11.0,117.0,58.5,,,,,,0.0,,0.0,sakartvelo 1
344,CLIENT_3C6E57AE1C,,11.0,125.0,62.0,,,,,,0.0,,0.0,sakartvelo 1
345,CLIENT_947882FCF1,,10.0,105.0,57.0,,,,,,0.0,,0.0,sakartvelo 1
346,CLIENT_947882FCF1,,10.0,106.0,77.0,,,,,,0.0,,0.0,sakartvelo 1
347,CLIENT_B7F5554BA3,,10.0,108.0,57.0,,,,,,0.0,,0.0,sakartvelo 1
348,CLIENT_B7F5554BA3,,10.0,107.0,77.0,,,,,,0.0,,0.0,sakartvelo 1
349,CLIENT_C50D705FED,,9.0,94.0,57.0,,,,,,0.0,,0.0,sakartvelo 1
350,CLIENT_C50D705FED,,9.0,93.0,77.0,,,,,,0.0,,0.0,sakartvelo 1
351,CLIENT_130B9D3FFA,,9.0,90.0,71.0,,,,,,0.0,,0.0,sakartvelo 1
352,CLIENT_B7F5554BA3,,9.0,92.0,77.0,,,,,,0.0,,0.0,sakartvelo 1
353,CLIENT_B7F5554BA3,,9.0,86.0,49.0,,,,,,0.0,,0.0,sakartvelo 1
354,CLIENT_72B46618A8,**023,8.0,78.0,77.0,,2025-01-01,38500.0,0.0,,38500.0,,500.0,sakartvelo 1
355,CLIENT_4FE43A4CD8,,8.0,74.0,58.5,,,,,,0.0,,0.0,sakartvelo 1
356,CLIENT_4FE43A4CD8,,8.0,75.0,58.5,,,,,,0.0,,0.0,sakartvelo 1
357,CLIENT_2DE8ED07A6,,8.0,83.0,62.0,,,,,,0.0,,0.0,sakartvelo 1
358,CLIENT_2DE8ED07A6,,8.0,82.0,56.0,,,,,,0.0,,0.0,sakartvelo 1
359,CLIENT_FB14DD3FD4,,8.0,71.0,38.5,,,,,,0.0,,0.0,sakartvelo 1
360,CLIENT_A12BD0D31F,,6.0,34.0,71.0,,,,,,0.0,,0.0,sakartvelo 1
361,CLIENT_817E17ABAE,,5.0,39.0,63.0,,,,,,0.0,,0.0,sakartvelo 1
362,CLIENT_817E17ABAE,,4.0,24.0,57.0,,,,,,0.0,,0.0,sakartvelo 1
363,CLIENT_817E17ABAE,,3.0,6.0,71.0,,,,,,0.0,,0.0,sakartvelo 1
364,CLIENT_817E17ABAE,,3.0,9.0,114.0,,,,,,0.0,,0.0,sakartvelo 1
365,CLIENT_817E17ABAE,,3.0,13.0,62.0,,,,,,0.0,,0.0,sakartvelo 1
366,CLIENT_2E8931893E,,4.0,18.0,58.5,,,,,,0.0,,0.0,sakartvelo 1
367,CLIENT_7ACD557A22,******777,3.0,2.0,49.0,2025-06-17,2026-06-17,25500.0,25500.0,,0.0,,520.4081632653061,sakartvelo 1
368,CLIENT_4D48784D68,******351,4.0,26.0,56.0,2025-06-19,2026-06-19,29350.0,29350.0,,0.0,,524.1071428571429,sakartvelo 1
369,CLIENT_8CCA2BA7D6,,,,278.0,2025-07-16,,310000.0,,,310000.0,,1115.1079136690648,sakartvelo 1
370,CLIENT_1FD2D5FE94,*****************454,4.0,25.0,63.0,2025-07-30,2026-07-30,34650.0,34650.0,,0.0,,550.0,sakartvelo 1
371,CLIENT_B17C171CC1,******505,4.0,15.0,38.5,2025-07-31,2026-07-31,20559.0,20559.0,,0.0,,534.0,sakartvelo 1
372,CLIENT_B17C171CC1,******505,4.0,28.0,57.0,2025-07-31,2026-07-31,30441.0,24441.0,6000.0,0.0,,534.0526315789474,sakartvelo 1
373,CLIENT_FF01324779,******200,11.0,113.0,38.5,2025-07-11,2026-07-11,19000.0,1700.0,,17300.0,,493.5064935064935,sakartvelo 1
374,CLIENT_6A7997CB75,*****************716,10.0,102.0,58.5,2025-08-30,2026-08-30,31600.0,31600.0,,0.0,,540.1709401709402,sakartvelo 1
375,CLIENT_D067782D03,******868,11.0,124.0,56.0,2025-08-30,2026-08-30,30000.0,21000.0,9000.0,0.0,,535.7142857142857,sakartvelo 1
376,CLIENT_63BE3475E6,,11.0,118.0,71.0,2025-09-25,2026-09-25,38000.0,8000.0,,30000.0,,535.2112676056338,sakartvelo 1
377,CLIENT_3F27AFBF68,,11.0,123.0,63.0,2025-10-20,2026-10-20,36000.0,18000.0,,18000.0,,571.4285714285714,sakartvelo 1
378,CLIENT_3A89526186,******474,5.0,52.0,51.0,2025-01-13,2026-01-13,28000.0,8000.0,15000.0,5000.0,2026-11-25,549.0196078431372,park2
379,CLIENT_D03B579103,******200,9.0,111.0,47.0,2025-01-17,2026-05-30,24440.0,5000.0,2500.0,16940.0,2025-12-25,520.0,park2
380,CLIENT_31C32537B3,******288,8.0,97.0,47.0,2025-01-23,2026-07-23,25850.0,15000.0,4000.0,6850.0,,550.0,park2
381,CLIENT_A40623B041,******257,6.0,64.0,47.0,2025-01-24,2026-04-24,25000.0,12000.0,1000.0,12000.0,,531.9148936170212,park2
382,CLIENT_58C9D1E37A,******859,10.0,120.0,47.0,2025-01-27,2026-07-27,26500.0,7500.0,,19000.0,,563.8297872340426,park2
383,CLIENT_C115E2A3EA,******859,10.0,125.0,47.0,2025-01-27,2026-07-27,26500.0,7500.0,,19000.0,,563.8297872340426,park2
384,CLIENT_FA01DB07A1,******179,9.0,106.0,47.0,2025-01-29,2026-07-29,26500.0,8000.0,,18500.0,,563.8297872340426,park2
385,CLIENT_3FB29E77BF,,11.0,127.0,71.5,2025-02-01,2026-02-01,28600.0,12680.0,2000.0,13920.0,,400.0,park2
386,CLIENT_3FB29E77BF,,11.0,140.0,74.0,2025-02-01,2026-02-01,29600.0,5536.0,,24064.0,,400.0,park2
387,CLIENT_D2F2A3AE51,******660,3.0,24.0,51.0,2025-02-19,2026-02-19,30600.0,7000.0,,23600.0,,600.0,park2
388,CLIENT_D2F2A3AE51,******660,3.0,25.0,51.0,2025-02-19,2026-02-19,30600.0,7000.0,,23600.0,,600.0,park2
389,CLIENT_A215FD21C2,******673,3.0,21.0,69.0,2025-02-27,2026-08-27,41400.0,5000.0,,36400.0,2025-11-05,600.0,park2
390,CLIENT_A215FD21C2,******673,3.0,22.0,47.0,2025-02-27,2026-08-27,28200.0,5000.0,5000.0,18200.0,2025-11-05,600.0,park2
391,CLIENT_D62F744006,******553,9.0,107.0,46.0,2025-03-06,2026-09-06,25300.0,10000.0,,15300.0,,550.0,park2
392,CLIENT_E6AACFC865,******016,5.0,49.0,69.0,2025-03-25,2026-03-25,41400.0,15578.0,,25822.0,,600.0,park2
393,CLIENT_D29A3C9BFC,******593,4.0,41.0,47.0,2025-03-31,2026-03-31,23500.0,1000.0,,22500.0,,500.0,park2
394,CLIENT_007FDC459C,******425,6.0,63.0,69.0,2025-04-11,2026-04-11,40000.0,5000.0,,35000.0,,579.7101449275362,park2
395,CLIENT_EB0031C35A,,7.0,73.0,54.5,2025-05-23,2026-05-23,32700.0,5000.0,,27700.0,,600.0,park2
396,CLIENT_99360F8F7B,,6.0,70.0,69.0,2025-06-03,2026-06-03,34500.0,1550.0,,32950.0,,500.0,park2
397,CLIENT_076A76FD2C,******801,5.0,54.0,46.0,2025-07-04,2025-08-04,25300.0,2000.0,,23300.0,,550.0,park2
398,CLIENT_076A76FD2C,******801,5.0,55.0,47.0,2025-07-04,2025-08-04,25850.0,,,25850.0,,550.0,park2
399,CLIENT_A2CC0983E1,***************343,4.0,39.0,51.0,2025-07-09,2026-07-09,30600.0,6000.0,,24600.0,,600.0,park2
400,CLIENT_35EAD8E87A,******861,5.0,53.0,51.0,2025-07-15,2027-07-15,30600.0,10000.0,,20600.0,2026-07-05,600.0,park2
401,CLIENT_6E8F619899,******909,7.0,76.0,69.0,2025-07-19,2027-01-19,41000.0,8000.0,5450.0,27550.0,,594.2028985507246,park2
402,CLIENT_24E23C1075,******909,5.0,50.0,47.0,2025-07-20,2027-01-20,27500.0,10000.0,2000.0,15500.0,,585.1063829787234,park2
403,CLIENT_24E23C1075,***************374,7.0,78.0,47.0,2025-07-20,2027-01-20,28200.0,10000.0,2000.0,16200.0,,600.0,park2
404,CLIENT_24E23C1075,******909,7.0,83.0,47.0,2025-07-20,2027-01-20,27500.0,10000.0,2000.0,15500.0,,585.1063829787234,park2
405,CLIENT_65AA34A58E,******808,6.0,69.0,47.0,2025-07-23,2026-07-23,25300.0,25300.0,,0.0,,538.2978723404256,park2
406,CLIENT_E368C90955,******458,7.0,80.0,51.0,2025-07-30,2026-07-30,27300.0,17300.0,,10000.0,,535.2941176470588,park2
407,CLIENT_E368C90955,******458,7.0,81.0,51.0,2025-07-30,2026-07-30,28050.0,28050.0,,0.0,,550.0,park2
408,CLIENT_B47DFD0792,******999,5.0,51.0,46.0,2025-08-01,2026-08-01,23000.0,4000.0,,19000.0,,500.0,park2
409,CLIENT_931FA8A137,******634,7.0,77.0,69.0,2025-08-02,2027-08-02,34500.0,2000.0,2000.0,30500.0,,500.0,park2
410,CLIENT_445500F14C,******947,2.0,8.0,47.0,2025-08-03,2026-08-03,25800.0,10000.0,,15800.0,,548.936170212766,park2
411,CLIENT_47A84139F1,******885,2.0,13.0,47.0,2025-08-03,2026-08-03,25850.0,5000.0,5000.0,15850.0,,550.0,park2
412,CLIENT_475FBA40E4,******919,3.0,28.0,69.0,2025-08-03,2027-02-05,41000.0,1000.0,5000.0,35000.0,2025-12-03,594.2028985507246,park2
413,CLIENT_289018AA5B,****************************867,11.0,133.0,74.0,2025-08-08,2026-08-08,44400.0,9000.0,,35400.0,2025-11-20,600.0,park2
414,CLIENT_81D76B43C9,**********344,8.0,95.0,51.0,2025-08-25,2026-08-25,29000.0,20000.0,,9000.0,,568.6274509803922,park2
415,CLIENT_D815E249DF,******478,8.0,94.0,51.0,2025-08-29,2026-08-26,30000.0,9000.0,,21000.0,2026-09-15,588.2352941176471,park2
416,CLIENT_6A7997CB75,********902,8.0,88.0,54.5,2025-08-30,2026-08-30,29400.0,29400.0,,0.0,,539.4495412844037,park2
417,CLIENT_AAA01B333E,******002,11.0,134.0,47.0,2025-09-02,2026-09-02,25850.0,25850.0,,0.0,,550.0,park2
418,CLIENT_A326E31B6B,******916,6.0,57.0,69.0,2025-09-03,2026-09-03,40500.0,10000.0,,30500.0,,586.9565217391304,park2
419,CLIENT_4C52206BB4,******602,3.0,18.0,54.5,2025-09-07,2026-09-07,27000.0,2000.0,2000.0,23000.0,,495.41284403669727,park2
420,CLIENT_BBC5F0D61E,******232,9.0,99.0,69.0,2025-09-08,2026-09-08,35880.0,35880.0,,0.0,,520.0,park2
421,CLIENT_BBC5F0D61E,******232,9.0,112.0,69.0,2025-09-08,2026-09-08,35880.0,14120.0,3000.0,18760.0,,520.0,park2
422,CLIENT_4C52206BB4,******602,2.0,4.0,54.5,2025-09-20,2026-09-20,27000.0,1500.0,2500.0,23000.0,,495.41284403669727,park2
423,CLIENT_11CA864E5E,******514,3.0,27.0,47.0,2025-09-30,2026-09-30,28000.0,4000.0,2000.0,22000.0,,595.7446808510638,park2
424,CLIENT_56DC11E5E1,***************682,3.0,15.0,69.0,2025-10-07,2026-10-07,37950.0,34000.0,,3950.0,,550.0,park2
425,CLIENT_56DC11E5E1,***************682,3.0,20.0,69.0,2025-10-07,2026-10-07,37950.0,,,37950.0,,550.0,park2
426,CLIENT_357022E664,******307,9.0,101.0,54.5,2025-10-07,2026-12-31,32000.0,6300.0,,25700.0,,587.1559633027523,park2
427,CLIENT_EB902C5D04,********************379,10.0,115.0,54.5,2025-10-10,2026-10-10,32700.0,4000.0,,28700.0,2025-12-10,600.0,park2
428,CLIENT_7CE137F760,**********424,5.0,43.0,69.0,2025-11-06,2026-11-06,37950.0,7000.0,,30950.0,,550.0,park2
429,CLIENT_C183AB29D2,,2.0,10.0,51.0,2025-11-07,2026-11-07,17850.0,17850.0,,0.0,,350.0,park2
430,CLIENT_A6D874D814,*******************000,10.0,121.0,46.0,2025-11-08,2026-11-08,24660.0,24660.0,,0.0,,536.0869565217391,park2
431,CLIENT_A6D874D814,*******************000,10.0,122.0,51.0,2025-11-08,2026-11-08,27340.0,27340.0,,0.0,,536.0784313725491,park2
432,CLIENT_A6D874D814,*******************000,9.0,108.0,51.0,2025-11-10,2026-11-10,27000.0,,,27000.0,,529.4117647058823,park2
433,CLIENT_A6D874D814,*******************000,9.0,109.0,51.0,2025-11-10,2026-11-10,27000.0,,,27000.0,,529.4117647058823,park2
434,CLIENT_1AC4CB8059,******705,4.0,37.0,46.0,2025-11-13,2026-11-13,26000.0,10000.0,,16000.0,,565.2173913043479,park2
435,CLIENT_1DF66BC552,******690,4.0,29.0,69.0,2025-11-16,2026-11-16,41400.0,3000.0,,38400.0,2025-12-20,600.0,park2
436,CLIENT_EF4E13775A,*********631,8.0,96.0,46.0,2025-11-16,2027-05-16,27600.0,,,27600.0,2025-12-01,600.0,park2
437,CLIENT_215A77885B,,2.0,1.0,69.0,,,,,,0.0,,0.0,park2
438,CLIENT_215A77885B,,2.0,14.0,69.0,,,,,,0.0,,0.0,park2
439,CLIENT_2DE8ED07A6,,3.0,17.0,54.5,,,,,,0.0,,0.0,park2
440,CLIENT_215A77885B,,4.0,30.0,52.5,,,,,,0.0,,0.0,park2
441,CLIENT_215A77885B,,4.0,32.0,54.5,,,,,,0.0,,0.0,park2
442,CLIENT_89AD08B789,,4.0,33.0,52.5,,,,,,0.0,,0.0,park2
443,CLIENT_9EAE4DA029,,4.0,34.0,69.0,,,,,,0.0,,0.0,park2
444,CLIENT_215A77885B,,4.0,38.0,51.0,,,,,,0.0,,0.0,park2
445,CLIENT_89AD08B789,,5.0,44.0,52.5,,,,,,0.0,,0.0,park2
446,CLIENT_89AD08B789,,5.0,45.0,54.5,,,,,,0.0,,0.0,park2
447,CLIENT_89AD08B789,,5.0,47.0,52.5,,,,,,0.0,,0.0,park2
448,CLIENT_89AD08B789,,5.0,48.0,69.0,,,,,,0.0,,0.0,park2
449,CLIENT_948F1103DB,,6.0,60.0,54.5,,,,,,0.0,,0.0,park2
450,CLIENT_89AD08B789,,6.0,61.0,52.5,,,,,,0.0,,0.0,park2
451,CLIENT_89AD08B789,,6.0,62.0,69.0,,,,,,0.0,,0.0,park2
452,CLIENT_948F1103DB,,6.0,65.0,46.0,,,,,,0.0,,0.0,park2
453,CLIENT_2DE8ED07A6,,6.0,66.0,51.0,,,,,,0.0,,0.0,park2
454,CLIENT_2DE8ED07A6,,6.0,67.0,51.0,,,,,,0.0,,0.0,park2
455,CLIENT_37D50888B9,,7.0,71.0,69.0,,,,,,0.0,,0.0,park2
456,CLIENT_37D50888B9,,7.0,84.0,69.0,,,,,,0.0,,0.0,park2
457,CLIENT_E51E1F6D9A,,8.0,85.0,69.0,,,,,,0.0,,0.0,park2
458,CLIENT_89AD08B789,,8.0,86.0,52.5,,,,,,0.0,,0.0,park2
459,CLIENT_89AD08B789,,8.0,89.0,52.5,,,,,,0.0,,0.0,park2
460,CLIENT_947882FCF1,,8.0,90.0,69.0,,,,,,0.0,,0.0,park2
461,CLIENT_947882FCF1,,8.0,91.0,69.0,,,,,,0.0,,0.0,park2
462,CLIENT_89AD08B789,,8.0,92.0,47.0,,,,,,0.0,,0.0,park2
463,CLIENT_E51E1F6D9A,,8.0,98.0,69.0,,,,,,0.0,,0.0,park2
464,CLIENT_B7F5554BA3,,9.0,104.0,69.0,,,,,,0.0,,0.0,park2
465,CLIENT_B7F5554BA3,,9.0,105.0,69.0,,,,,,0.0,,0.0,park2
466,CLIENT_215A77885B,,9.0,110.0,46.0,,,,,,0.0,,0.0,park2
467,CLIENT_29FFB3CCAF,,10.0,116.0,54.5,,,,,,0.0,,0.0,park2
468,CLIENT_29FFB3CCAF,,10.0,118.0,69.0,,,,,,0.0,,0.0,park2
469,CLIENT_29FFB3CCAF,,10.0,119.0,69.0,,,,,,0.0,,0.0,park2
470,CLIENT_215A77885B,,10.0,123.0,51.0,,,,,,0.0,,0.0,park2
471,CLIENT_215A77885B,,10.0,114.0,52.5,,,,,,0.0,,0.0,park2
472,CLIENT_1C6A5D4CA0,********543,7.0,79.0,56.11,2025-08-25,2026-08-25,36471.0,1000.0,,35471.0,2026-01-01,649.9910889324541,sakartvelo 2
473,CLIENT_1C6A5D4CA0,********543,7.0,80.0,73.5,2025-08-25,2026-08-25,44100.0,22220.0,,21880.0,2026-09-30,600.0,sakartvelo 2
474,CLIENT_A05A1A2478,******002,7.0,77.0,55.5,2025-09-02,2026-09-02,33300.0,6100.0,,27200.0,,600.0,sakartvelo 2
475,CLIENT_D0B45DF99F,******002,8.0,92.0,55.5,2025-09-02,2026-09-02,30525.0,28050.0,,2475.0,,550.0,sakartvelo 2
476,CLIENT_3D35CAB716,******756,8.0,93.0,54.34,2025-09-09,2026-10-18,32604.0,10000.0,,22604.0,,600.0,sakartvelo 2
477,CLIENT_A883A1B46D,******977,6.0,67.0,57.73,2025-09-22,2025-09-22,37450.0,9000.0,,28450.0,,648.7095097869392,sakartvelo 2
478,CLIENT_DC708670A6,******686,6.0,70.0,59.5,2025-09-22,2026-09-22,38300.0,1000.0,,37300.0,,643.6974789915967,sakartvelo 2
479,CLIENT_BA6F4E3EA5,******246,3.0,18.0,54.34,2025-10-01,2026-10-01,29887.0,5000.0,,24887.0,,550.0,sakartvelo 2
480,CLIENT_73C82AE409,,5.0,48.0,54.5,2025-10-01,2026-10-02,29430.0,,,29430.0,,540.0,sakartvelo 2
481,CLIENT_73C82AE409,,5.0,49.0,56.0,2025-10-01,2026-10-02,30299.0,,,30299.0,,541.0535714285714,sakartvelo 2
482,CLIENT_73C82AE409,,6.0,62.0,55.5,2025-10-01,2026-10-02,29970.0,29970.0,,0.0,,540.0,sakartvelo 2
483,CLIENT_73C82AE409,,6.0,63.0,54.5,2025-10-01,2026-10-02,29430.0,29430.0,,0.0,,540.0,sakartvelo 2
484,CLIENT_73C82AE409,,6.0,64.0,56.0,2025-10-01,2026-10-02,30299.0,30299.0,,0.0,,541.0535714285714,sakartvelo 2
485,CLIENT_73C82AE409,,6.0,68.0,69.0,2025-10-01,2026-10-02,37346.0,10301.0,,27045.0,,541.2463768115942,sakartvelo 2
486,CLIENT_605A977F94,*****************373,4.0,32.0,55.5,2025-10-03,2026-01-03,35300.0,7000.0,,28300.0,,636.0360360360361,sakartvelo 2
487,CLIENT_D2B8E05962,,4.0,30.0,59.64,2025-10-20,2026-10-20,32800.0,7353.0,,25447.0,,549.9664654594231,sakartvelo 2
488,CLIENT_D97959DB81,******863,7.0,78.0,54.34,2025-10-20,2026-10-20,32000.0,10000.0,,22000.0,,588.8847994111152,sakartvelo 2
489,CLIENT_0BBEE10C40,******246,3.0,15.0,59.64,2025-10-21,2026-10-21,32802.0,5000.0,,27802.0,,550.0,sakartvelo 2
490,CLIENT_0BBEE10C40,******246,4.0,29.0,77.84,2025-10-21,2026-10-21,48812.0,5000.0,,43812.0,,627.0811921891059,sakartvelo 2
491,CLIENT_D0CE60879B,**************************656,5.0,46.0,57.11,2025-10-22,2026-10-22,37121.5,1000.0,,36121.5,2025-11-20,650.0,sakartvelo 2
492,CLIENT_382D75768B,**************************656,6.0,61.0,57.11,2025-10-22,2026-10-22,37121.0,1000.0,,36121.0,2025-11-21,649.9912449658553,sakartvelo 2
493,CLIENT_5EB247649B,******846,6.0,69.0,56.34,2025-10-23,2026-10-23,36500.0,14000.0,,22500.0,2026-03-05,647.852325168619,sakartvelo 2
494,CLIENT_4872548511,******305,5.0,53.0,69.16,2025-10-29,2026-10-29,44954.0,1000.0,,43954.0,2025-11-20,650.0,sakartvelo 2
495,CLIENT_BA6F4E3EA5,******246,6.0,59.0,77.84,2025-10-31,2026-10-31,42812.0,5000.0,,37812.0,,550.0,sakartvelo 2
496,CLIENT_021DCF6299,******656,4.0,31.0,57.11,2025-11-02,2026-11-02,37121.5,10000.0,,27121.5,,650.0,sakartvelo 2
497,CLIENT_F588E3D3F6,********636,4.0,39.0,56.34,2025-11-02,2026-11-02,33804.0,5000.0,,28804.0,,600.0,sakartvelo 2
498,CLIENT_446B556EF8,******696,5.0,54.0,56.34,2025-11-04,2026-11-04,33804.0,10000.0,,23804.0,,600.0,sakartvelo 2
499,CLIENT_5D04716C0C,********824,8.0,88.0,74.47,2025-11-04,2026-11-04,48405.0,10000.0,,38405.0,2026-02-05,649.9932858869344,sakartvelo 2
500,CLIENT_C5CD58C3ED,******679,5.0,47.0,55.48,2025-11-05,2026-11-05,31623.6,31365.0,,258.59999999999854,,570.0,sakartvelo 2
501,CLIENT_5F2CD30E30,******246,2.0,5.0,59.64,2025-11-06,2026-11-06,32802.0,10000.0,,22802.0,,550.0,sakartvelo 2
502,CLIENT_494B497A20,******131,3.0,17.0,55.48,2025-11-06,2026-11-06,36062.0,10000.0,,26062.0,,650.0,sakartvelo 2
503,CLIENT_C027D264FD,,7.0,82.0,57.73,2025-11-06,2026-11-06,28865.0,1000.0,,27865.0,,500.0,sakartvelo 2
504,CLIENT_03F8930907,*****************260,7.0,73.0,74.47,2025-11-09,2026-11-09,48000.0,19000.0,,29000.0,,644.5548543037465,sakartvelo 2
505,CLIENT_2DC5B8B9D0,******246,5.0,44.0,77.84,2025-11-11,2026-11-11,38920.0,5000.0,,33920.0,,500.0,sakartvelo 2
506,CLIENT_5F0886E6D9,******987,6.0,56.0,54.5,2025-11-13,2026-11-13,31500.0,31500.0,,0.0,,577.9816513761468,sakartvelo 2
507,CLIENT_A5735F6249,******690,8.0,99.0,59.0,2025-11-16,2026-11-16,38350.0,3000.0,,35350.0,2025-12-20,650.0,sakartvelo 2
508,CLIENT_0538CE6F58,,3.0,16.0,57.11,2025-11-04,2026-11-04,25850.0,13150.0,,12700.0,,452.6352652775346,sakartvelo 2
509,CLIENT_65B5F228E2,******272,7.0,81.0,81.66,2025-05-30,2026-05-30,47362.8,10000.0,,37362.8,,580.0000000000001,sakartvelo 2
510,CLIENT_91435F6D27,,3.0,19.0,56.11,,,,,,0.0,,0.0,sakartvelo 2
511,CLIENT_91435F6D27,,3.0,20.0,73.38,,,,,,0.0,,0.0,sakartvelo 2
512,CLIENT_91435F6D27,,4.0,35.0,73.38,,,,,,0.0,,0.0,sakartvelo 2
513,CLIENT_91435F6D27,,4.0,36.0,81.66,,,,,,0.0,,0.0,sakartvelo 2
514,CLIENT_91435F6D27,,5.0,50.0,73.38,,,,,,0.0,,0.0,sakartvelo 2
515,CLIENT_91435F6D27,,5.0,51.0,81.66,,,,,,0.0,,0.0,sakartvelo 2
516,CLIENT_91435F6D27,,6.0,65.0,73.38,,,,,,0.0,,0.0,sakartvelo 2
517,CLIENT_91435F6D27,,6.0,66.0,81.66,,,,,,0.0,,0.0,sakartvelo 2
